add_cashier, 04-05-2019 20:24:53
add_cashier, 04-05-2019 20:24:53
add_cashier, 04-05-2019 20:26:59
add_cashier, 04-05-2019 20:26:59
add_manager, 04-05-2019 20:26:59
add_manager, 04-05-2019 20:26:59
add_cashier, 04-05-2019 20:29:44
add_cashier, 04-05-2019 20:29:44
add_manager, 04-05-2019 20:29:44
add_manager, 04-05-2019 20:29:44
add_productonsale, 04-05-2019 20:29:44
add_productonsale, 04-05-2019 20:29:44
add_client, 04-05-2019 20:29:44
add_cashier, 31-05-2019 23:26:20
add_cashier, 31-05-2019 23:26:20
add_manager, 31-05-2019 23:26:20
add_manager, 31-05-2019 23:26:20
add_productonsale, 31-05-2019 23:26:21
add_productonsale, 31-05-2019 23:26:21
add_client, 31-05-2019 23:26:21
add_cashier, 31-05-2019 23:41:49
add_cashier, 31-05-2019 23:41:49
add_manager, 31-05-2019 23:41:49
add_manager, 31-05-2019 23:41:49
add_product, 31-05-2019 23:41:50
add_product, 31-05-2019 23:41:50
add_productonsale, 31-05-2019 23:41:50
add_productonsale, 31-05-2019 23:41:50
add_client, 31-05-2019 23:41:50
add_cashier, 01-06-2019 00:36:09
add_cashier, 01-06-2019 00:36:09
add_manager, 01-06-2019 00:36:09
add_manager, 01-06-2019 00:36:09
add_product, 01-06-2019 00:36:09
add_product, 01-06-2019 00:36:09
add_productonsale, 01-06-2019 00:36:09
add_productonsale, 01-06-2019 00:36:09
add_client, 01-06-2019 00:36:09
